Column 1,Column 2
0.15755829840,0.65491657510
0.01186839800,-0.31940727000
0.15401666300,-0.17033134280
-0.00546585615,0.33571463410
-0.21367741410,0.00257864314
-0.28049086010,-0.87810789320
0.03317981407,-0.15643417040
0.55666353410,0.25657045200
0.30731582070,-0.98877904880
-0.04170244999,-0.33882196600
0.10356958810,-0.23618403090
0.00397390554,-0.63765501250
-0.35518856330,-1.18761228600
0.49295132740,-1.42121722700
0.57945458800,-0.15349519570
0.59902892680,-0.26905696020
-0.21412221250,2.23136678900
-1.49853877900,-2.43476757700
-0.44305312580,0.11272650480
-0.22954236410,0.37044453670
2.33224616400,1.35963386300
-1.25976731500,0.50185720680
0.67114643840,-0.84421370380
-1.50058173500,0.00000976147
0.61030234890,0.54235257210
0.02270404563,-0.31350819700
0.07486143631,0.77101173810
0.29830195390,-1.86809065500
0.25556252190,1.73118466600
-0.28530602500,1.46767801100
-0.25976969530,-0.33567733850
-2.02364069200,0.61134077960
0.97809117650,0.04797059187
0.20115792480,-0.82913528900
1.17951869600,0.08771021841
0.98981454270,1.00036588700
-0.66776124290,-0.38109251750
-1.16696430000,-0.37566942310
-0.94725026820,-0.07447076289
0.42831615980,0.43349633010
0.43167462440,1.27837923000
0.56992495620,-0.63467930520
-0.03574480095,0.50839624270
-0.28644606160,0.21611600630
-0.01728948318,-1.85861238600
-0.45130787530,-0.41931648220
1.20134312600,-0.13232889840
0.48363265670,-0.03957023969
-0.41397004100,0.32600343340
-0.34884673720,-2.04032304900
-0.51318558670,0.04625552314
0.49799804940,-0.67767557730
0.95322164660,-1.43943902700
-0.04900914787,0.52429643000
0.84478902080,0.73527957610
-1.34333889700,-0.65325026780
-0.97028310480,0.84245628160
-0.31054982770,-0.38151648180
0.42563448380,0.06648900915
0.64110765200,-1.09873894700
1.53743225300,1.58448705600
-0.51455207380,-2.65944945600
0.25360627610,-0.09145262289
-1.30744639500,0.69511960500
0.93243803330,-2.03346654600
-1.43769248000,-0.18946926470
1.75040707600,-0.07721866535
0.45808499250,0.82470300540
-0.66900642680,1.24821292100
-0.51757266910,-0.40389226930
-1.64225331800,-1.38451866700
0.86766113100,1.36723542400
0.92712148210,1.21788563300
0.40235037830,-0.46200534820
-0.65355165260,0.35088849410
-0.11036795000,0.38186623410
-0.50001567550,0.56627544140
-0.48922086860,0.20420797890
0.30908671300,1.40669624200
-0.16319095820,-1.73795950400
0.82375430210,1.04082395300
0.02363601109,0.38047197020
0.66924346630,-0.21713526870
-1.72460091400,1.17353149800
0.31869269210,-2.34360319100
-0.39463401900,1.16152149100
0.77956773090,0.38607804760
1.12082598800,-1.13313327400
-1.25333791700,0.43309255470
1.12319923400,-0.30408643880
-1.16306346900,2.58529486800
-0.82640385260,1.83533272300
-0.96353360710,0.44068987240
-1.30651229700,-0.71925384140
2.06115560800,-0.58341459460
1.44586297800,-0.32504962840
1.85706280400,-0.56023450620
-0.44030028190,-0.90224606810
-1.19342074800,-0.59097227550
-1.31572024900,-0.27617949230
-0.61210239120,-0.51688389370
0.61591080480,-0.69858994990
1.35019942400,-0.92889192450
1.43334227400,2.55043823600
-0.42628274740,-1.47317324800
-1.28060603100,-1.02141473100
-1.55408165500,0.43239570100
1.28419283800,-0.32358007010
-0.42132502010,0.42382470790
1.38662362200,0.79917999500
-0.09817242702,1.26261366300
-1.02674294200,0.75196484920
-0.94293768680,-0.99376098310
-0.55372697410,1.10914328100
0.91635801560,-1.76491772800
1.39983244300,-0.11442129700
0.60314709440,-0.49817419390
1.12983528800,-1.06079903600
-1.83018638300,0.59166652070
-0.23867608210,-0.18325657380
-1.44399102400,1.01985472900
-0.25251317750,-1.48246547800
1.33423040200,0.84631189180
0.63092089920,0.49794014840
1.44712481800,0.12650417530
-1.82909610800,-1.41881055100
0.27742900310,-0.25177411840
-0.87260761510,-1.54667461100
1.16628783600,-2.08265193600
0.80878341560,3.27974540100
0.58468995250,0.97086132000
-1.79758681000,1.79259285200
-2.94592859600,-0.42901331850
0.51074631150,0.69619797960
-0.16674308670,0.69741627230
3.15966158300,0.60151581370
-0.03034999999,0.00365949071
0.53812247510,-0.22824755820
-1.51614441200,-2.06961226300
-0.46893143030,0.61014408640
-0.08470862400,0.42349690040
0.47392899200,1.11788673300
-0.60785471050,-0.27424208890
0.65282774870,1.74181218800
-0.85496715880,-0.44750087620
0.46406565080,-1.25542721800
-0.36318980190,0.93816367130
1.41983538500,-0.46834625960
-0.42301567810,-1.25472030700
0.02225546590,0.12482364640
0.35786274640,0.75650214310
-0.88525581390,0.24143962880
-0.54565949800,0.49742564890
-0.42720380280,4.10869262400
-0.66633971740,0.82112087730
-0.77642618300,1.53176031600
-0.65257138880,-1.98584577400
2.44367003300,0.36505351640
0.58512199480,0.77408203340
1.91317938000,-0.36447909160
-2.47948682200,-0.87597947770
-0.31519884530,0.39652015870
-1.23616298700,-0.31461743570
0.32956423010,-0.59375558290
0.93592347930,1.14950056800
1.07377989700,1.33556616800
-0.33383688180,0.30262933620
-1.38178507200,-0.45422785470
-0.55363139530,0.51437071750
-0.06427136184,0.82945843060
0.55497994080,0.63062196730
0.18946353610,-1.45336435000
0.75980894210,-0.33801777740
0.45200855070,0.35913333180
0.20311408930,0.62222041450
-1.46684754300,0.96078194480
-0.93767954800,0.75837034720
-0.91245985880,-1.13431848300
0.79445881660,-0.70742088760
1.82551832400,-1.22142916500
1.95855611700,1.80447664200
-0.47597557240,0.18040980690
-1.59480095700,0.55316427420
-3.00157680400,1.03302906600
-0.13390907390,-0.32900243470
0.12409989830,-1.15100294400
2.93522529100,-0.42652247090
2.29575461900,-0.14814719120
0.39959392300,1.50143691500
-2.12355502500,0.86959819750
-3.18914165300,-1.08709057500
-1.74731506900,0.66422141340
1.35199021100,0.73488466770
2.44059175900,-1.06136574400
1.88219594500,-0.10851682390
1.09299616700,-1.85040397400
-0.81947581240,0.33048806400
-2.12088053000,-0.31569321030
-1.10048355800,-1.35000210300
-0.92538382070,-0.69817099760
2.50058072900,0.23995119830
1.42462348600,-0.55294943960
0.92559287360,0.29952681320
-0.90483103480,0.55266369560
-1.73296255800,-0.84044301250
-1.56111558200,-0.31227066970
0.34844599420,2.14467808900
1.01081529900,0.12110558160
0.58771729170,-0.84682875190
0.47641961170,0.06046244900
0.66229055940,-1.33858888000
-0.53924505490,1.13274607600
-0.69631605690,0.37030484270
-0.70244927420,1.08580640400
-1.38683380100,0.90217939540
0.76801920680,0.39029644980
-0.11043056520,0.97550941220
1.25971744400,0.19157364660
0.05454667511,-0.66220901180
-0.04489990313,-1.02351498500
0.25812567050,-0.44817482330
-0.15421391570,-2.50545813200
0.66631717020,1.82599445700
-0.27896846820,-1.71406741100
0.31135077810,-0.07663956400
-1.38859679300,-1.31756727000
1.89681931700,-2.02559359200
-0.66083672200,-0.08224537503
2.07757921700,-0.30466658480
-0.90514900240,-0.15972413010
-0.84008277140,0.54894655980
-0.78166568690,-0.61837548510
-0.74772217070,0.37879446570
0.76889653860,0.51325144430
0.82167759350,-0.33484412550
0.33698626900,-0.28351951640
0.42844610810,0.53842426280
-0.60636806710,0.05725094652
-0.82431497340,0.15908848670
-0.67967918680,-2.37440268400
0.89928387150,0.05851993528
1.18149738600,0.37654591100
1.22172859500,-0.13547976430
-1.37552775700,0.33590839510
-0.54602774310,1.90437590900
-1.89281485500,0.08536443342
-0.53790381930,0.66533427790
0.36291881770,-0.84999550270
2.13055119800,-0.85234179670
1.27721809800,-0.47998511150
1.23055678200,-1.01964909900
-1.20608330000,-0.00760113841
-1.36225211600,-0.93383066140
-1.14608316100,-0.17499684370
-0.22504346140,-1.43714343200
1.86391107700,-1.65220029100
1.51157871800,-0.67566178900
1.82988485500,-1.06706712400
-0.77302033580,-0.65293114510
-1.42825909900,-0.61209475020
-1.40369530100,-0.35126246110
-0.70483413820,1.04547798800
0.70895561000,1.36901602400
0.44805598440,0.72535325940
0.27270164520,-0.35947445910
0.21764843690,1.49695179000
-0.41552339120,-1.53111110800
-0.07132232874,-2.02336393900
0.16065907750,0.26797257650
1.71466036800,-0.00220644541
-0.58074092010,-0.13929188280
-0.51852794840,0.03256546931
-0.69513277210,-1.64056022500
-0.18981323080,-1.15669917100
1.18452087800,1.23403468100
0.85960835720,1.02818489900
-0.70365606730,-0.72187972610
-1.06296984300,1.93315696600
-0.81621212790,-1.07079632600
0.01477388156,-0.57138160790
0.45967377080,0.29243206730
2.31642207400,-1.19499989500
-0.20614744620,-0.48793054420
0.47877568490,-0.17307116520
-0.99143171790,-0.39534640120
-1.27757273200,0.87084076460
-0.40495103990,0.59280679680
-0.26279600040,-1.09929730900
0.90665033400,-0.68153064450
1.63353225100,0.18006668490
0.89435839460,-0.06693104400
-0.69908633740,-0.78774954030
-1.13592344700,0.42475367230
-1.03893208800,0.81988511650
-0.44019813890,-0.63111868260
0.28797593470,0.78905964860
1.19276940300,-1.62167380300
1.34538377800,-1.61049925900
0.50606187500,0.49993976400
0.51891879410,-0.83451520740
-1.88231537700,-0.99695968710
-0.87203150740,-0.26338807710
0.14217748980,-0.67736049170
0.52954157170,0.32706703800
1.15986078500,-1.45535944500
0.72611648210,-0.37151912440
-0.08468651069,3.16096597000
-0.97911612530,0.10995101280
-2.61042113900,-1.91352321800
-0.34258821390,0.59982042950
2.18137811300,0.54938446550
1.34150744400,1.38378103500
0.19564852610,0.14834924340
-0.81535525570,-0.65354144400
-1.67144442500,1.40883398400
-0.32006674930,0.71206122740
-0.48649935890,-1.80071604100
0.99871853220,0.74759894180
1.85548950900,-0.23289700100
0.76491875230,1.11064528000
-1.38206379200,-0.37333881290
-0.83761886040,0.78614606980
-2.04835985900,0.19416869570
0.80309177960,0.58620409770
0.04137383916,-0.02038729177
1.95274034200,-0.41440859750
0.40637071820,0.06731341235
0.29674916580,0.63179892380
-1.26014668900,0.41759273050
-1.52477056400,1.61517626900
-1.03456972700,0.42560621110
0.01921516044,0.63536375770
0.84129248780,2.10222926700
1.23510240900,0.06612641683
-0.19375539040,0.53555835060
-0.46088288020,-0.60314079220
-0.11198443690,0.04195762920
-0.71500707520,1.64191463700
0.36100657370,0.31169770670
-0.81660793370,1.45116990000
-0.06500127960,-1.06492788000
0.62116886870,-1.40084545500
0.59953395850,0.30752552670
1.74649734200,-1.36963867300
-0.56236289190,2.67033724500
-1.17723054000,1.24845029800
-1.83806621100,-1.24572655300
-1.87243351900,-0.16716877440
2.50024622000,-0.57661093030
1.75351827300,0.41602174910
1.58411030600,-0.05784726264
-0.19898562400,0.93188735790
-2.50285240900,1.46833213300
-1.94648341800,-0.22132094270
-1.56779073900,-1.17315562100
1.87749639200,0.56266907810
2.75356035500,-0.16451505730
1.72417841200,1.14485537600
-0.81928883120,-0.15211768680
-1.92051367800,0.82978904590
-2.84772704000,0.33606595160
-0.18230842870,-0.18904405150
0.56504517750,-0.44932860070
3.02639893900,0.71352444770
1.39075357300,2.52973487400
-0.72154497750,0.83761579400
-2.95274713900,-0.13168240330
-2.36879898300,0.70759286600
0.28801654320,0.11405387790
1.46256292800,-1.28089517800
2.74792446400,0.30984627740
1.71087517100,1.54829069400
-0.92771463190,-0.31582804320
-2.95427353500,-1.12590378100
-1.77007102900,0.48849666590
0.28482015990,1.83094665700
0.98442832680,0.94017599270
1.02826014500,1.01871704700
0.32441180370,2.30237828900
-0.75413510030,1.62109297800
-1.96110359400,0.71268327350
-1.27989825100,-0.20870362910
0.64448257940,0.13761799130
1.63765956600,-0.10335216830
1.87616307900,0.84835056690
0.02671835983,-0.88312556110
-0.79838639620,1.54538682600
-2.13429437900,0.14584007310
-0.79945786930,-0.40010605650
-0.64276381150,0.81520604140
2.29116488000,-2.07492236500
1.41103132600,-0.83443739050
1.54317685300,-0.65771844710
0.40496718250,0.82056433220
-2.70950394700,-0.48915700130
-1.41200726400,1.42496703400
-1.96809995900,-0.44685789680
1.47131107200,0.52110943100
1.04002756900,-0.70819438020
2.87160193700,1.15553059000
-0.50893288240,-0.25453045930
-0.55345203630,0.51892492420
-2.84962370800,-0.49299491150
-0.27632993790,-1.08654815300
0.12131430230,-0.23091749730
2.59461197600,1.09801003900
0.99881046290,-1.01787805000
-0.05536648332,-1.52939135500
-0.80585642110,-0.30798773670
-0.48697916160,0.78075435600
-1.07883642000,-1.05583963900
-0.04596154975,-0.54388338140
0.81625636900,0.18430173940
1.46307664800,-0.33067584350
0.05877130949,0.28720820220
-0.30847443300,1.18952813700
-1.37721444500,0.02120154786
-1.30405821500,-0.06540968034
0.00756229608,0.76611590350
1.06937629200,-0.06163508462
0.97332944900,-0.95289715210
0.86964158440,-1.01446306400
0.45710849690,-1.11526396300
-0.32698554370,1.91260067800
-1.30402761700,-0.04526320313
-1.39434277700,0.57690971780
-1.08095129600,0.71780569510
1.47320655400,-0.93899899770
0.74646692240,0.62877580720
1.81547940700,-0.56449343210
0.10522189730,-2.08780746200
-0.78363834940,-0.21505013170
-0.06508214294,-1.07502856400
-0.76060982820,-0.33797214940
-0.10567849030,0.34321273220
0.64420172030,2.28253964000
-0.82112950340,-0.49577884820
-0.04011223747,-0.16396283230
-0.44457156000,0.37162216130
1.31402101600,0.18652152000
-0.42632448010,-0.15842922420
0.48426249430,-1.08292955700
-0.13527322170,-0.95662552010
0.33315119290,-0.18337673510
0.30664645860,-1.15980689600
-0.12874279420,-0.65776836240
0.13384297110,-1.25144840600
0.36411366130,1.12448286100
-0.48087726280,-1.49783980600
0.17143469690,1.90201722300
-1.18125969400,-0.58038303810
0.77126831640,-1.05491567400
-0.93755322010,-1.18275720400
2.68968416200,0.77948005440
-0.47286087500,1.02659795100
-0.06484408822,-0.84866600110
-1.81582224700,0.33153964810
-0.39486756750,-0.14959135260
0.45359927970,-0.24244060010
0.45470772990,0.15119717530
1.49804214400,0.76506948100
-0.43231731640,-1.91663051900
-0.03891841761,-2.22734129200
0.00166264531,0.20668989740
0.80283412650,-0.07087635596
-0.56699325440,0.68475996890
-0.85424631750,-1.70753905100
0.11854666590,-0.98656966490
0.30430194220,1.54353633900
1.29608815300,-1.31027052900
-0.60275875920,0.36343397190
-0.19246674820,-0.79487244460
0.23908873540,-0.40528626680
-0.95655901950,-1.37775793100
1.52025343800,1.18604867600
-0.62895965020,-1.90382114300
1.00234300200,-1.19814037800
-0.55284713630,-0.91006564260
1.51794977700,1.17645419300
-1.45390478500,0.29921066960
-0.40433931560,0.67926717800
-1.61946796400,-0.01766067999
0.57270146370,0.23604092290
0.41094945540,0.49403587090
1.31328937400,1.54627764600
-0.24814271240,0.24685750850
-0.72576605810,-1.46877579900
-0.65874028990,1.14709994200
0.25351726650,0.09555698451
0.20680296560,-1.10743872600
0.06940849584,-0.17628614130
1.34533014500,-0.98275566650
0.03169506525,2.08668272700
-0.67868036370,-0.34462367070
-1.02803947700,-2.00207923300
-0.94937220880,0.30323443290
2.01766417600,-0.82987484470
0.58502854500,1.28876940700
0.26268993900,0.13492546220
-0.44706591100,-1.77860064100
-1.53513202400,-0.50079148950
1.01562577500,-1.08816156900
0.40258488820,-0.75785555320
0.92115971360,-0.64374490020
0.74160815690,-2.00878452700
-0.30408284560,0.19626289410
-0.15929834250,-0.87589637000
-0.63444696040,-0.89360920910
-0.67215817730,0.75190235520
0.74851775960,1.89693224400
-0.82321964440,-0.62907915080
0.00992247627,1.81208552700
-0.35530679450,-2.05626574100
1.07134833300,0.56270488710
-0.14230641560,-0.58207075750
1.77581768800,-0.07400297487
-1.79232894400,-0.98649636400
0.97755441790,-0.59472249890
-1.26225481900,-0.31481184270
0.87878643600,-0.34694053180
-0.18140784380,0.41144351630
0.27410481640,2.32639090100
-0.71034084580,-0.63405312760
-0.95853588260,-0.15440996240
-0.04209558218,-1.74928880400
1.83868343700,-2.51957929600
1.30959944100,1.39116242700
1.45319675200,-1.32934644300
-1.41450856200,-0.74559641430
-1.97253128100,0.02126084981
-0.09793319442,0.91091751490
-1.28207921400,0.31527608180
1.33535794100,1.86620820500
0.04069593977,-0.18249762330
0.86530526250,-1.82826634000
0.07825720373,0.13895571730
0.94527679930,0.11945016470
-0.65801772130,-0.81889920010
-0.95547745610,-0.33263926480
0.00264057242,-0.58638795550
0.13417060700,1.73451634400
0.19093328490,-0.61275155770
0.16203753410,-1.39344201700
-0.08483342732,0.27943375650
1.26176448000,-1.82223126800
-0.21521161790,0.42701745760
-0.00476817822,0.40698774910
-0.30956830460,-0.84430824060
-1.44354095500,-0.55982011290
0.95274826100,-0.60052040540
0.43383658080,1.61487323700
0.46161325450,0.39495322040
-0.42898541100,-1.20381346900
-0.92460350670,-1.24747243200
1.02685230400,-0.07754624963
0.35581594990,-0.01333975135
0.48117961300,-0.76832324960
-0.34741937600,0.29123401000
-0.34015791250,-0.19733094810
-0.40569266570,1.07682965000
-0.72363714590,0.43741023190
0.18905550230,-0.09319786633
-0.19181818600,0.13563141610
1.14462310500,-0.88270882160
0.41064245320,0.88474419420
0.11035535600,0.38320446350
-0.60327037200,-0.41699414890
-1.34466423700,0.11779654980
0.33073834320,-0.53668530880
0.26282195750,2.48718457500
0.32723093640,-0.45136105440
0.08518964658,0.51883612690
-0.98088995670,0.36444800510
0.94480848670,-0.79834872900
-0.99981292750,0.00565779713
1.29496356500,-0.32093470780
0.00511839103,0.24951354970
-0.09500996101,0.25630839160
-0.19904554060,0.76762508250
-1.12848976900,0.78302008730
-0.21215390130,-0.40706304680
-0.18002241170,-0.52489166710
1.18344701700,-0.58980868340
1.23004359900,-0.86253108610
0.51107931470,-1.74287290400
0.21291615870,0.60367146060
-0.91929649650,-0.07961345202
-1.01476700400,-0.21127269140
-1.25776281400,-1.65773474400
1.35042041400,-1.50104009000
1.45025562200,-2.51543945600
2.61728345500,-0.10296103130
0.12299522530,0.66922902920
-1.28772873100,0.59430915700
-3.50258313200,-0.07810733739
-1.31936722100,-1.07873948800
0.64899634640,-0.00898162946
2.85302049300,0.00235933432
2.41388386900,0.70575253830
-0.11621774180,0.76586745880
-1.75641449600,-0.26623673800
-2.91310752600,-0.03468536600
-0.87501778940,0.69619375240
0.77257885000,0.45718852080
1.72412081500,-0.17070155110
1.72761138100,-2.16861849900
1.05140618800,-0.66518016610
-0.13192179900,0.83871298550
-1.38555615700,0.14982795000
-2.58954651900,0.95317740030
-0.97560838660,-0.34524196500
0.70637738270,0.08027061831
1.76407038800,0.79352459590
2.10634243800,0.68782415890
-0.49877811560,0.39168286430
-1.25960823800,1.08885846600
-2.14800947100,1.33531175200
-1.29058477300,1.39034601000
-0.14502858540,-1.65167960000
1.90439302800,-0.48631858070
2.51370946200,-0.32856847000
1.91729311200,-0.36461500280
-1.41986191700,-1.63761438400
-1.29574488500,1.30112042300
-2.36950440100,-1.00130515300
-0.18653511400,0.09949926532
0.27408422510,-2.40422605300
3.53034798400,-0.50707380230
1.14133777900,-0.25804942620
1.30617631600,-0.93586891430
-2.85640525400,0.73541046150
-1.71605174400,2.38048446000
-2.44558505500,-0.87558133010
-0.20767351130,-0.86520996420
2.50199364800,1.75181816100
3.02174987700,0.56204113760
0.23970083130,-0.31609402780
-1.43297101200,-1.27955688400
-1.43861715900,0.73265001340
-1.45984451900,0.21315867790
0.29725243620,1.55251343400
0.03378246298,-0.87095211340
1.81569736500,-0.17356138650
0.43570813060,-0.30793538930
1.17961927600,-0.21683126450
-1.50586965000,1.05763457000
-0.90162602650,0.84236934500
-1.71486466900,-0.64041890960
-0.09583204356,-0.09232328944
1.57160330800,-0.23081300810
1.74408967500,0.88912231790
0.46147051780,-0.17624606650
-0.67955212940,-1.11796185100
-1.53723784500,-0.34530825550
-0.17083074110,-0.04777713869
-0.00310830801,0.91722047770
0.46463082060,1.27582690100
0.17573859180,1.29076796200
-0.72405894100,0.36410861850
-0.40175890510,-0.51793432420
-0.07814826128,0.58128624000
0.70447460170,-0.19092456470
0.51990931790,-0.62525351810
0.15747292480,0.28925253570
0.23565939800,0.40029748680
-0.89100653170,0.86353210070
-0.90492940920,-0.90488188010
-0.15615011060,-1.67363598500
0.94305108550,0.49918435750
1.75366798200,-0.97133220610
0.38305454560,0.99015268210
-0.94540585510,-1.10835166700
-0.68476336650,-0.59009060050
-1.46152749200,-1.81825245700
1.81360685900,2.03664993900
-0.15135963600,-0.47080676710
1.16195008400,-0.09596947071
-1.46872641500,-0.54014601320
1.02693541800,-0.25451121100
-1.21242909600,0.81367639470
0.54718719910,0.08813105730
-0.61052505710,-0.02893584564
0.10240780150,1.17268256100
0.28861023480,-1.37042398300
0.02457753835,1.11352979000
0.19042040510,1.57689017800
-0.11782762570,-1.40669958500
-1.26257512300,0.25294592590
0.81722120110,-1.30543342700
0.82125933870,-2.12986920500
0.83757133340,-0.86712550470
1.66882445300,0.50536489580
-1.07971838200,0.73865183610
-1.60187069000,-0.38662578090
-1.79112499900,-0.88457770330
0.18665546400,-0.45730882840
1.83185618400,-0.73564052280
1.87058572300,-0.64920515960
1.01806014700,-2.42825345800
-0.03980733361,-0.25712496920
-1.19101124000,-0.13697829610
-1.10856692100,2.16246241200
-2.23835420800,0.65755124690
0.04197618265,-0.16026255880
0.19294560930,0.05302648276
2.81383324500,0.30835626160
0.86681997340,-0.72228805510
0.26376653710,-2.10355834300
-0.76319786320,-0.75137484170
-0.65499914450,-0.24814333550
-0.41670407830,0.09357178713
-0.57081228010,-0.73960707600
0.78286075490,-0.94575171200
0.76758224780,-0.28770370960
1.14221123400,0.03006005585
-0.26421955060,0.54726180350
-1.07415221800,-0.26631786840
-1.11266724900,0.41410374790
-0.59685346550,-1.02298821900
1.03459686100,0.78952256040
0.78444228450,-0.08074795744
1.20882125200,-1.38716941300
-0.57300633650,-0.27666636340
0.35582280530,0.08282248031
-1.05126368800,-1.08739479700
-0.49800654660,0.70201352490
0.10024041040,-0.35613593060
0.43538138250,0.43198898090
0.07198938966,-1.01786272900
0.96134812970,0.28774717240
-0.49988252390,0.70445088500
0.14230659860,-0.46286587640
-1.38681900100,-0.21445275030
0.30264413920,-0.59296671090
0.49410682930,0.31160398350
0.53079280890,0.01003437027
0.52103269010,0.47880460890
-0.83130688800,-0.08030559204
-0.27979968550,-1.29222381100
-0.43592417130,-1.33340398800
1.18594374500,-0.46984067680
1.02949311600,0.44020679630
0.12155532520,2.24266347100
-1.42734338800,0.84882144870
-2.07354395900,-0.63326119080
-0.87319299310,-2.04586668000
2.09708485500,0.49449386580
2.27337594100,-0.00195291246
1.50326879500,-1.23166449100
-1.16943309400,0.87568893020
-1.29549318000,-0.01077564184
-2.20538623900,-0.43033555370
-0.78067790050,-1.95027706300
2.21009792100,0.94912172830
1.81155261900,0.05090698848
1.58691321000,-0.26602106410
-1.69715019500,-0.97893065070
-0.63039681160,-0.38380984620
-1.71471801000,1.22185026100
0.04227195292,0.50722660400
-0.01790259104,1.98983529500
0.32171638510,1.04838865800
0.47668977940,0.33276252310
-0.63023728710,0.88435899890
0.42420116730,0.14888618880
-0.63127503690,-1.46267834600
0.49876996090,-0.61684447030
0.92298569300,0.32133579580
0.47562559410,-0.94644686430
-0.33999356050,-0.53013940830
-0.39951208390,-1.25920701500
0.10925699260,1.67754406400
-0.62529185440,-1.33116172800
0.37876276750,-1.05287410900
-0.21397254950,-0.89898549110
2.15504795700,0.96110431260
-0.83496340550,1.11651599000
-0.37281095800,-0.56511938360
-1.91205918800,0.56512173450
-0.08694947419,-0.90336091020
0.87285566950,-0.00764231104
0.93508431800,2.60369966800
0.91639936930,0.93591615000
-1.90923033300,-0.05086667264
-1.22778954000,-1.33441228400
0.31250350200,-0.30800273160
1.00054236500,-1.32891514300
2.16452839600,-2.19296670300
0.79795665530,0.59946561540
0.33384501530,0.57627511410
-2.19666343500,0.19392842530
-2.54310583500,0.99350559450
-0.61216689050,-1.67756538200
0.94246326130,1.39213011500
2.30923540800,-1.08875167700
2.21819747100,0.37428972530
-0.99198919590,0.45143395490
-0.37622811190,1.07436141200
-3.74936520800,1.99611077800
-0.85758357430,0.34544937010
-0.59814475450,-0.38280309960
2.31923311000,-1.11330131200
3.24611208100,0.25800302460
1.17935407000,-0.84841445740
-0.39994838860,-1.35845404500
-2.64026599700,-0.20284073750
-1.24222846900,0.67114676310
-1.08244818300,-0.30998317490
0.87278476850,-1.05333201100
2.02549941100,0.14164145330
1.87070678000,-1.24410394000
0.45689992670,-1.51837262700
-0.99674633760,1.45897097100
-1.38797275300,0.24287429100
-2.14307454800,1.98021995500
-1.18568097600,-1.47462795600
1.64381617600,1.03691782100
1.26620786600,-0.17685588880
2.89004943400,2.67964423500
-2.16042378200,-0.21542415110
-0.78791343010,-0.44445477140
-3.07361785800,0.42382096060
1.36672117600,0.18896099510
0.28644642170,-0.45913492830
2.16813999800,0.91174786530
0.74212986730,0.69018092360
-0.83924760530,0.88569150300
-2.00131524700,0.40041884760
-1.40376988100,-0.70965418940
-0.00668352475,-0.70027808740
1.99172862700,0.59299279330
1.87695537000,-0.93905736670
0.67963359520,1.69804450900
-1.35139020900,0.03249471822
-1.76806484800,-0.79417796360
-2.05402954500,1.03756490600
1.23716204800,-0.02019333857
0.79578659930,1.19717983500
1.30376716800,0.21178717780
0.57342237880,1.76829743200
-1.75295739700,-0.38348518310
-0.70792907090,-2.18417756400
-0.86376361010,-1.51620476100
2.64082121800,-1.63388363100
1.72297382400,0.58989430390
0.71736227610,1.80914498500
-1.67323146700,-0.19503790910
-3.25922414300,-1.33435857900
-0.70530635110,0.68292137060
1.14196275700,0.45370177310
1.99897028700,-0.38116461950
1.26084632700,0.40794836270
0.40155958240,0.00641020641
-1.43101183700,-1.15021767100
-1.49943973800,0.68561774630
-0.53875683210,-0.50476837410
0.44568241070,-0.94968888050
1.10399607600,-0.23632339100
1.95243429700,1.56800500200
-0.49488179900,1.96236964600
-1.79112087300,1.40013683400
-2.79146242900,-0.49500242260
-0.58600362350,-1.02716907600
1.76402172400,0.34394272400
2.98489354800,-0.16200335510
1.48074447200,0.13903252680
-0.76717802950,-1.13040409000
-1.63093754600,-0.88621912520
-1.89037336300,-1.07589227400
0.40536456600,0.77270373980
0.59674439960,1.06231931400
1.24406150200,-0.68262360070
-0.02652622838,0.58261383120
0.07416701709,0.64154001920
-0.80049349520,-0.73993186980
-1.07733602000,0.00987606898
0.43111017620,0.81343367390
0.33743551180,-1.01466268300
0.60637669000,1.24628173200
0.25537493080,-0.20617025190
-0.06261125836,0.05936759463
-1.24277171200,-0.24434911000
0.51782864360,-1.48177154700
-0.19022968660,0.33903748000
1.30557607300,-0.00682749416
0.20070013880,-0.41013674170
-0.60676781050,-0.21994216650
-0.01489877445,0.41730922330
-0.89985414660,-0.14741708420
0.05342372988,-0.53024275260
0.20195053060,0.08043039885
0.89140024350,0.75416097270
0.11043118030,0.03592528246
-0.47737227770,-0.79618139480
-0.36737755350,0.83087853440
-0.17124348640,-0.29640857120
0.04759624450,0.58536009870
-0.19263172890,-0.14596441090
0.73699716460,-0.94429827570
-0.12244195340,-1.27511255400
1.21429351200,-0.90050031390
0.18646142340,-0.23414099910
0.00163697041,-2.25268528200
-0.30640936250,0.38300857990
-0.37242946910,1.09960862600
-0.16602811200,-0.24216201560
-1.34193061500,-1.10950800100
1.08500337800,-1.66697712800
1.22320697100,0.22531780220
1.28970713100,0.41197568920
-0.23358645120,0.05758565059
-1.85242000700,0.69636115070
-1.17828707300,-0.67242042090
-0.62063889000,-0.25254588220
1.11422659400,0.27575109020
1.84159384000,-0.22603156340
0.55619009300,0.48720024000
-0.17533195190,0.49558839530
-1.53130291300,-0.27182112630
-1.43726177200,-0.96396521330
0.20535793930,-0.72437740950
1.37776529100,1.09554225900
1.37468673100,-1.20416796900
0.38653267380,0.05973095330
-0.75403492160,-0.99632515480
-0.23412169220,2.30711528100
-2.07973517200,-0.63454115010
0.21268007710,0.63371080900
-0.79050885440,-0.96849975860
2.84377791800,3.19190124700
-0.75620179910,-1.33622686600
0.91155760950,0.35643581870
-2.23308560800,-1.25306469700
1.58334523400,0.81920683370
-1.67380338500,-1.25581221500
1.93594745700,-0.44351146250
-0.61059003010,-1.59513439900
1.89808519600,-0.39770575610
-0.64461612510,0.00062868411
0.13546132020,1.74122455700
-2.06124307800,-2.30303282000
-0.29522624040,0.54491180100
0.15690452540,0.04193095105
2.12555737400,-0.60891419580
-0.32187340260,-0.21219413820
1.30199539400,0.39069851750
-1.45821137200,-0.03752029825
-0.88749363240,-0.04405142775
-0.82388039720,-0.78061639070
0.52633498020,-0.40102689440
1.28088630000,0.48398246360
1.01060354300,-0.92244362870
0.01608176344,-0.51897468520
-0.56793829670,0.07342828162
-0.56762133290,0.32596855300
-1.11365398200,0.38599807550
-0.04633930967,-0.20198874440
0.36905634520,-2.03445123000
1.52550309700,0.76148507850
1.11326813900,1.00147133000
-0.28815907400,1.19451016300
-2.55424528800,0.33945977160
-1.17924249800,0.84339300750
-0.89401251270,-0.29717478410
1.69210767900,-1.11431147100
1.88978917700,-0.17533077880
2.05715034500,-0.24969259140
-0.28888344660,0.99166028890
-2.15575128600,0.79299071800
-2.36187678900,-0.52265509000
-1.42746618800,-0.42901226340
1.70354309800,-0.05286473940
2.48812176800,0.06299267545
1.77030546100,1.40452974600
-0.46518470680,-0.50151248490
-2.15224180800,1.27224462600
-2.50425305300,-1.40185312700
-0.00140907584,-0.69322559800
0.93179930860,1.64787517100
3.13044960900,0.37322698070
-0.22086965880,0.08193179303
-0.51459331090,0.56872559360
-1.53200997300,-0.23448266810
-1.53200954200,0.03511023763
0.23862706450,0.19678527000
1.09115282000,0.19774991370
1.23695102300,0.33683613620
0.59313465580,-0.59765725860
-0.44442595660,0.33793661000
-0.97527764160,-0.73002811770
-0.59009623650,0.56002205850
-0.49581878300,-0.18814538970
0.95861746350,0.22596107660
0.11555191670,0.25554196790
1.00583322700,-0.75851152250
-0.45119790930,-0.55379652690
0.15681708020,-0.16412902310
-0.27408693850,0.42480104280
-0.56940973000,0.91350548360
-0.38826661050,-0.07424105149
-0.34191291170,-0.69882245240
0.67788376980,0.21819577260
0.95619989400,-0.04193042798
0.34018705170,0.72905904740
-0.61109497730,1.17859547600
-1.07132084600,1.91567888200
-1.71798429700,-1.66040484100
0.16555138660,-0.49298525690
1.38325318800,-0.09608245651
2.69113349100,0.75365792940
-0.37534729600,0.64963617820
-0.72325533790,0.03593418000
-2.53707308600,0.74161404650
-0.95880578710,-0.56869513730
0.37207170850,-0.38453333450
1.66616907700,0.27772181690
2.22416348300,-1.08067527400
0.25963383800,1.53873599400
-0.97859067200,-0.80796498660
-1.80921333300,-1.14380083100
-1.57911700500,0.29669513570
1.55822835500,-1.92074772700
1.06050243300,-0.44728371790
2.13840066900,-0.18530621100
0.71341459470,1.25356725400
-2.27182700400,3.00943118900
-2.50112594600,0.15164709230
-2.85865601900,-1.29823835400
1.12869663000,0.24103720690
3.58438813200,0.64295424380
2.42274018000,-0.93171374690
0.59129481360,0.32633075030
-1.78985885100,1.55233461500
-2.93530764500,0.47129989330
-2.77858216400,-0.79415005740
0.51905157510,-0.56861200300
3.00911690800,-1.64354281100
3.60952142300,-0.44690427050
1.57856077000,-0.59022460250
-1.03252580100,1.36382529000
-4.00686961500,-1.55275783300
-2.43044598000,-1.58006952300
-0.33982295950,0.17428368060
3.78790061000,0.57103351890
2.04015512600,-0.56099860070
1.24728774800,0.17514072230
-1.40417770800,0.64635032440
-2.54364181900,0.71688142940
-2.49860270600,0.34828060840
-0.30476600520,0.52095626830
1.61348735100,-1.55146025300
2.92789856800,0.77836587770
1.70710886200,0.12268330620
-0.13569906920,-0.83693245480
-2.91142451800,-0.40745642340
-1.22952001900,-0.30606911970
-0.89696033120,-0.55913318700
1.42377045500,-0.17973659590
2.00562738900,-0.40374842280
1.32142810600,-1.46015397400
0.16202808670,2.12078282100
-1.65842707200,0.36150651670
-2.22980574900,2.18173118700
-2.57575009600,-0.29270937800
1.28195597300,1.58493597600
0.68103655160,-0.14694318760
3.41789185900,1.53941338800
-0.65552688010,0.89988909400
-0.13407604390,0.74025168400
-3.35033904300,-0.19320397030
-0.54364405560,0.20199778830
-0.02000008010,1.31130608400
1.77104919800,-2.00007669600
1.70304213500,-0.69816458310
1.15602628200,-1.25657281800
0.73176512620,-0.92660799550
-2.10908038000,0.60031039410
-0.91908825970,0.81785059190
-2.08935790100,-0.20937184390
0.20089657870,1.11341622700
1.19501072100,-0.74329733340
1.77123323900,-0.60445834160
0.96043025840,0.11581714340
0.36693072130,0.39272316310
-1.99787942200,-0.13753852950
-1.46205396800,-1.07133421600
-0.53351078010,0.55871272030
1.08795096100,1.68988127500
1.06856273700,-0.37898778820
0.09988129923,0.02050511890
0.06774404082,-1.11049255900
0.00107930885,-0.00872058999
-0.63584391950,-0.91555906290
0.49310431720,0.16704868850
-0.53049912210,1.54128788200
0.32251582470,0.51783615690
-1.19041405400,-0.72531535310
0.17921071230,0.79881030920
0.52029861140,-1.72152951700
0.90001975380,1.20023885200
0.15946898940,0.29649038440
0.14287713370,-1.06440305700
-1.75769213200,-0.32824449280
0.84166483370,-0.91086977470
-0.05566979296,1.98216333400
0.31685385430,0.56116419810
-0.24791921780,-1.01107475000
-0.99079525340,-0.67710067030
1.37948034000,0.14822743590
0.05763869855,-0.57808914880
0.57944405610,0.22369028490
-0.42861422440,0.36659319770
-0.49611528260,-1.45445981700
-0.48776031940,0.59984846070
0.32292004000,1.65686923600
0.15339143050,0.30633630380
-0.89705518950,0.60795343700
0.12363707270,-0.52274185290
0.22875694560,-0.51791238270
0.56742084300,0.29161350400
0.84149044800,-0.88719726790
-0.26222815910,-1.61653540300
0.18613039130,0.81215385290
-0.17609813550,-0.65629884330
-0.51702681690,0.20371847300
-0.66259188380,0.10059740990
0.59968516120,0.39416104530
-0.43400944080,0.58305367640
0.68356228930,0.51152732530
-0.50151962940,-0.30284741210
0.12462177230,0.79997066850
-0.22262975450,-0.37036938210
0.09140883677,0.34152201060
-0.19823881840,-0.63096326770
0.68199605680,0.06960731156
-0.22258219860,-0.86009609140
0.75393743610,1.37132047200
-0.86729391090,0.31171596440
-0.22735906330,-0.74105137240
-1.04001842900,-1.79463256700
1.60374240900,-0.73480587470
1.05350315800,1.28456605400
0.69405860270,-0.65457586520
-1.15782047200,0.96032220800
-1.58608619500,-0.23224853200
-0.38664204860,-0.34682333480
-0.45246184470,-1.06581629000
2.43460360300,0.26457867410
0.77274506650,1.00494415000
0.51530314950,0.75227016540
-2.08053536200,0.49679697820
-1.62234069500,-1.05750513100
-0.45044137430,0.07043388412
1.13749951500,-1.16452679900
2.38367394900,-0.87609924400
1.03299594900,0.33459569860
0.47036673460,-1.09416654700
-2.02686408100,0.44512688150
-1.63801042300,-0.35226589940
-0.58427680710,1.38699011200
-0.29034147170,-0.20590438740
1.89512598300,0.43647165980
0.38000780730,0.94353756550
1.16269993100,0.51910555710
-1.71544759200,0.57192415570
-0.98352534770,-1.78770603500
-0.43142301910,0.82037103630
0.62677156320,-1.67702141000
1.99438125000,-0.74902616380
0.25973945190,-2.51437871100
2.00335923100,-0.41514196980
-1.53791074700,-0.75213325620
-0.04858468037,-0.32451789100
-2.34342023900,-1.06451065200
0.65443575590,-0.25582782270
0.36790369880,-0.81382581490
1.81480006800,-0.28229630050
0.53576523820,0.72823683320
-0.20585367240,-2.25593949800
-1.07578553800,-0.14062890720
-0.58556039960,-0.24608776160
0.58714163070,-1.63540643300
-0.17135140990,-0.52835298680
1.86595054400,1.32096631400
-0.27885665120,0.26801178410
-1.02344790600,-0.65580696330
-1.11621478400,0.63564788840
-0.15387170360,0.26448360410
0.32580652650,-1.37207432900
0.90695002310,-0.45774659280
1.50654408200,-0.13462064980
0.37634611850,-0.07672839497
-1.01191970600,0.25182904630
-1.20255720500,-0.08151416468
-1.10794496100,-0.03989352168
0.21654966230,-0.61869381750
1.27809549500,-0.45453750300
1.37249190600,-0.60413186890
0.92726270280,0.42016293980
-0.81240478860,-0.20251138230
-1.28501838200,-0.66750825300
-1.32476850500,0.66485735760
0.22286586260,2.33543798900
0.00194726657,-0.22118042600
0.34832837570,1.18703641800
0.27341137670,-0.60009821040
0.85864365700,0.15215679330
-0.67916017080,0.85118389350
0.40471020360,1.06932236700
-1.78572438300,2.07937665100
-0.65495333640,-0.51249363340
-0.42114230260,0.05384387756
0.93780112830,1.33041757800
1.74920778900,1.27932050500
-0.65799341600,-0.86021689910
-0.21354747920,-0.01418150872
-0.82383259800,0.99835852090
-0.09297942199,1.21820042000
-0.87941826700,-0.94616863650
0.46267352080,0.35467061710
0.72934346290,-2.21666832600
1.68341164200,1.01329287200
-0.11610617010,1.75773082300
-0.37693141910,-1.09266630400
-2.89543269500,-0.21825665660
0.29947577170,-1.41457865600
1.07231610100,-0.45842818570
1.58094864600,0.54296924400
1.61240029500,0.58507604390
-1.54203136100,0.40528945620
-1.43856261100,-1.38816847500
-1.36808533900,-0.84129102310
0.70502592570,1.86559549800
1.40581778900,0.23131711660
0.26041139320,-0.42425085770
-0.02443928356,0.25292411590
-0.02549505767,-0.57868641720
-0.83047015410,0.16544826970
-0.16689451040,-0.76255858360
0.33180703570,-0.67246414680
0.45064546420,-1.56262754700
1.42221702000,1.75149678500
-0.43163884790,0.71933467800
-0.81582052510,0.62455404550
-2.41962426300,0.86942101360
0.13858654420,-0.12347384630
0.00407413689,-1.07958392700
2.20420139100,0.51306506670
1.51521299800,0.69074208100
-0.11401290840,0.53839361430
-1.90922034100,-0.38911879130
-1.56030727000,-1.50707588200
-0.21567538090,0.79400945150
1.37326675000,0.41214610670
1.31416984200,-0.05674652003
0.06735288898,-0.23141903770
0.15972532540,-0.12622448410
-1.21532268900,-0.55831643340
-0.39746706500,-1.46758142300
0.16870599570,-0.10364898020
1.03705327200,-0.42859465310
0.87869492060,0.32150592840
-0.40062869590,-0.30670981110
-0.29632520650,0.28731688810
-1.31329985300,-1.20136583700
0.34100916800,0.45391458440
0.09150353541,2.06871088100
0.65257904310,-0.09595827005
-0.90992156180,0.63097156200
-0.12504886660,0.87751189770
0.00909681486,0.35774692740
-0.59876012820,0.24514198470
0.61928314820,-1.55394835000
0.53821551900,-0.81201653170
1.10081768900,1.54633872200
0.16178349610,0.20800302030
-1.61431308400,0.21475951950
-1.31234460900,1.94295564300
-0.54743071730,-1.70604106400
0.34704512120,1.05569156500
1.41776675500,0.65503213050
1.66670105600,-1.93962969500
-0.80150278970,-0.62764228730
0.82639779490,0.42917757170
-1.25730147800,-0.69714835600
-1.01682056000,-0.75922534160
0.07303021357,0.61043776130
0.55761107990,-0.18335730650
0.71135836180,0.19433588650
0.12134546560,-0.15706860070
0.17033945560,0.13841901750
-0.87013702550,0.30722058950
-0.27249599810,2.21314957300
-1.08282692200,0.40926166100
-0.28460569670,-0.69611412250
0.22554595210,0.38597931930
1.79696279100,0.26391929770
0.44617278560,3.31068005800
-1.06898622300,-1.41686741600
-1.31865976700,0.69661666090
-1.46278172600,0.26461151280
1.88564421900,1.53435546100
-0.88255400600,-1.01569294900
2.22284830400,-1.22660304900
-0.29137086440,0.35630181550
1.18595110000,0.84161444430
-1.77625020300,0.44428556250
-1.45403769700,0.63671215280
-0.84938566100,-0.04127848639
0.33488058430,1.00723561400
1.25934885700,0.13266038240
1.11000248700,-0.49985877910
0.17617891120,1.47123230300
-0.40578019550,-0.85853607730
-1.36360498300,-1.59890490200
-0.43333000190,-0.39158380870
1.47787478900,-0.13447301270
0.54921077220,-0.06182993959
0.57151211740,-0.29667200950
-0.45069131440,0.37775916980
-0.94789592890,-0.33677164020
-0.58466950810,-0.86612560690
-0.02686274891,1.40052247800
0.82407437300,-0.17172624620
0.26954319820,1.09542776500
-0.44030995820,0.17621844290
0.11163254360,0.48757780940
-1.29066621800,1.54387659700
0.26845454970,-1.85275933000
-0.20754918750,1.12832673900
0.96748289650,0.06699714702
1.05706198000,0.87432816450
-1.49971598100,-0.44666667660
0.55154863950,0.01017655292
-1.53036531800,-0.15139007590
1.10172883700,-1.09941212400
0.06751286474,-0.06168653545
1.21955511900,1.81053166100
-0.31008491760,1.27355579000
-1.72875621200,1.40498787200
-1.58399538600,-0.22310066900
-0.26182558820,-0.17318820100
1.13563020600,-0.43958518580
2.39023660000,-2.05344710600
1.35168178700,-0.23801487990
0.52192924270,-0.74419386260
-1.28169205400,0.87501065350
-2.68479889100,0.93284189560
-1.20281407900,0.43977638170
-0.84642649350,-0.88880654370
2.45092615500,-0.59067795240
2.33211896800,1.34486047600
1.40048988600,0.32763107960
-1.52943417400,1.01020518400
-2.89149544400,-0.44273523750
-1.46206084700,0.96900518890
-0.52745774560,-0.32069117710
2.51087585200,-0.48068537560
1.64350766400,0.27469995680
2.00895840400,-0.71934881920
-1.12286363900,-1.14535543400
-1.41655051200,1.36432789000
-1.70199768300,0.69777387580
-1.26827468300,-0.46875647280
0.33094501160,-0.01727162238
2.24939989500,1.13487577000
1.35418298700,-0.50892453720
0.22267272350,-2.41496869400
-0.54153950470,2.26727390400
-0.98559956080,-1.46895802400
-1.08947688700,-0.45594475240
-0.85975820710,-2.19190798300
3.09854563000,-2.20002198900
0.90019554210,0.32754372420
2.43073876400,-1.31116809500
-1.80546445800,0.63308271020
-2.12756243800,-0.15912656520
-1.45993944900,-0.16607088050
-1.20227360900,0.61530421250
2.31167173400,0.65191628780
0.95706564410,1.35929436800
0.99507191830,-1.38258841500
-0.43046218240,-0.74631898980
-0.83060144130,0.67276525890
-0.13019035450,0.76674429440
-1.50952558400,-0.53674386930
0.38469439160,-1.23253914300
0.94571624370,0.00288741057
1.63665715600,-2.99676160500
1.19070754900,-1.67870974400
0.26812556560,1.12188659900
-0.32382888640,-1.29114904700
-2.64982942000,2.04091775400
-1.38360506900,0.11410724460
0.00549106430,0.26724809090
0.09908434572,2.69542736400
2.49032778500,0.89783968200
-0.81715151490,-0.31974584200
-0.04580115306,-0.55711459700
-0.13932367240,-0.64583289060
-0.25720895510,-2.06690190000
1.01970402800,0.36696809800
0.39092307530,0.02071408342
0.31806166920,-0.69289826700
-1.26284174300,0.86940017670
-0.14367431970,-0.61044960820
-0.64134762070,-1.77091213500
0.72261816420,-1.11816095900
1.98182060900,-0.07047705088
0.61345353390,0.29365777050
-0.46480643160,1.84395664700
-2.21353603700,-0.42657080380
-1.63862961700,0.48854038750
-0.47478156960,0.98516799040
1.78530898000,0.56816031870
0.79301490850,0.26220538600
1.25241928200,-1.16830785600
-0.16720569810,-0.42735093580
-0.49493409600,2.13124648800
-1.21950946700,0.14015417190
-1.71929611800,-0.07139352192
-0.17437570330,-1.20007711500
2.06160821500,0.21452712090
1.45587290300,1.68942867200
0.87787008390,-0.63196247650
-1.85123502000,-0.95755908330
-1.11074848200,-0.10347644100
-0.20627354730,-0.53749371990
0.22556935760,-0.70078133540
1.45622237800,2.11546517700
0.39238188470,0.72678732430
-0.78993007200,-1.47674408100
-1.26774536700,-0.12185212020
0.53794525630,0.85819942790
0.12934860570,-0.36225598770
0.23749068380,0.74590478750
0.23437124680,-1.19981814600
0.25712147530,0.45542986100
-0.36308910470,-0.11489452800
0.37799437480,0.49738494440
-1.24161822300,-0.12606603290
0.54695884140,-0.72603227180
-0.29379379620,0.32681720010
1.05484405400,0.39217284430
-0.03912806886,0.57876099300
-0.57873139960,-1.43287273500
-0.02027767349,-0.56811563110
0.03090036496,-0.29432324370
1.07068136800,-0.35182697800
-0.29901629150,-0.43713256510
0.37595689850,0.01767152113
-0.61492357090,1.28602075700
-0.65935996390,1.64794463300
-1.11569408900,1.09170863000
-0.80010371820,0.47416085310
0.44446028580,-3.32687010700
1.98245787200,-0.72206670040
2.37638850300,0.46679202440
1.10041442200,-0.98696046630
-2.48587007200,1.04992573300
-1.88976997100,-0.73351981410
-1.75159726700,0.08754734321
0.09282486532,-0.50484248700
2.85909953100,0.19578299360
1.24313068600,-1.50704025500
1.77754294400,-0.37539320320
-1.32319682800,-0.92313589800
-0.90208137050,-1.16481132600
-1.91562155600,-1.70244568100
0.82141670190,0.90928293740
0.75776401350,-1.18210536600
1.44057284500,0.64146812920
-0.21468939400,-0.21903807740
0.17680024760,0.37664711040
-2.12552788200,-0.10291825550
0.07345334874,-0.14002955220
-0.58925597200,-1.35267752200
1.80138975100,2.55113812100
0.40752846970,0.94408984700
-0.24569070070,0.88758879340
-2.25098170200,-2.31114832200
0.68171080820,-0.78504613050
0.34733814210,-0.83466467510
2.70052550100,0.07664890187
-0.34409899970,-0.79472383040
0.21511191470,0.51402909830
-2.03912790500,-0.01226202825
-0.80523866150,0.68160397160
-0.94131379770,1.00649321900
0.87609613500,-0.94203461190
0.94011500980,-0.73342506650
1.66154773900,-1.03524970900
1.07143626600,0.70852753320
-1.08644401900,-0.21861787960
-1.32206995300,-0.55578014470
-1.85319503700,-1.39048716900
1.03527766200,0.23601841130
1.08701302200,-0.14152337360
1.73629415300,-0.01185572818
-0.25667641610,-0.47961425480
-0.34536364760,-1.56200761100
-1.09984764400,1.12984841100
-0.40042997780,-0.11775856880
-0.13043727830,0.13183320280
-0.20157147960,-0.85955817370
1.71904893900,1.20922075100
-0.21966649690,-0.94372588280
0.62923615190,-0.58767934620
-1.17142381500,-1.00261654600
0.80882549080,-1.22277890800
-0.45192075180,0.64594320480
0.74335562530,-0.58293010560
-0.30881261990,-1.15144768600
-0.12828433120,-0.28426165390
0.73910078750,-0.41235523640
-0.28190860000,-0.08723644704
0.06459152703,-0.69806693960
-0.12688188790,0.11506624700
-0.19295694390,-1.76909654500
0.64320459220,-1.02907208500
0.38029998750,0.58792959510
0.85014478310,0.71545760500
-1.37748317800,-1.89263523400
-0.38418273770,0.25230822470
-0.09824048535,-0.15730922740
0.84827903730,1.02499613600
-0.50356284540,-1.16426018700
0.84712876740,0.26452275540
-0.63612680830,0.72586232630
0.54624879840,-1.47456366600
-0.98527000970,-0.77110324110
0.93821450960,0.82055997520
0.33411695200,-0.33785369250
-0.44045946000,0.77786515310
-0.38013086530,0.05570279184
-0.38792339660,-1.47816349000
-0.02182291483,-0.00211115993
1.25774299900,0.28104815190
0.39677207730,-0.65901640370
-0.26797426410,0.91712392780
-0.49549423950,-1.41396054800
-0.52593412300,-0.15655226240
-0.15702702940,-0.42217814690
1.28791287200,-0.91151961780
-0.06083621873,-1.55003603300
1.44168115600,-2.12077333600
0.18018505900,-1.32161204200
0.46667561420,-0.27888536780
-0.62919979750,-0.67584850520
-1.08413818100,-0.25266820670
-0.49558849320,-0.32842462110
0.23843869230,-0.56231080980
0.75210992170,0.11791358250
0.93836014370,0.73863779700
-0.11459252260,-1.58729557600
-0.43960684010,0.15320011610
-0.44022112410,-1.73366932200
0.58810906400,2.08305931000
-0.77432881040,-1.01913313100
0.86388804650,-0.48413034120
-1.18028564600,0.76539694950
1.79379697100,0.31832073380
-1.50155581500,0.83244316560
0.15730015540,1.31447492700
-0.91258188060,-0.39099832460
-0.31588982970,1.86979861400
0.30900479460,-0.72938263630
0.63245849580,-0.37342087430
0.25578260990,0.78565877950
1.14347797600,-2.41313834200
-0.71883217650,-0.71270460390
0.51916216110,-0.29872584320
0.20815707990,0.73801707660
-1.40588849300,-0.78179922300
0.20851162840,0.76902739590
-0.83056004770,-1.11258905500
1.36657588600,0.89745997350
-0.20640403670,0.68733605490
0.86719201220,-0.57431259580
-1.35494272700,-0.35120095490
0.47347000480,-0.25826708180
-0.18105418200,-0.44967314840
0.32527716130,-0.63882477950
0.58943279050,1.28236515400
-0.27930378380,0.34915762730
-0.54332561980,0.38054886000
-1.17852829200,-1.60231424300
0.83082769090,-0.09725292005
0.60507410380,1.02001165600
1.23301300900,0.05788055045
-1.03909226100,-0.58676790060
-0.31888562130,-0.16201951070
-0.43642744070,0.73451891890
-0.18733977890,-0.23493024100
0.20742665430,-2.16985030400
0.85635600050,-0.82610135740
1.56120032000,0.07942432725
0.38439064880,-1.61617560200
-0.85793178640,-0.06482199199
-0.81229032820,0.39926632370
-0.77097702500,2.14689036700
-1.30730626100,1.38657667000
-0.04591858276,0.32077541330
-0.08578379537,-1.82835538200
2.28346275900,0.22627238390
1.34059663700,-1.50773237800
1.02934636100,-1.10993297600
-1.32248743500,1.04280504100
-0.90064488940,-0.84210464450
-2.13096024400,0.60683991130
-0.20021435330,0.13307492450
1.35904789700,0.86505738620
0.53015370460,-0.24397998830
1.56697624600,-0.20937570730
-0.73218034820,1.47334364700
-0.47704877200,0.64325627790
-2.01850576500,0.31444373420
-0.86182040450,-0.03154737290
0.91068318230,0.52180697060
1.09140283800,-0.14639464210
1.52830816500,0.57334290850
-0.24759289380,-0.12474972430
-0.60936012290,-1.72995021300
-1.13027227600,-1.68938776000
0.67354249490,-0.69394703720
1.04506488200,1.97135658700
0.09391679223,1.35882200700
-1.11228713200,-0.41241866120
-1.61082052900,-0.82049866960
0.52898881830,-0.51562172800
1.12699507200,-0.23756439330
1.45580016400,1.19437079000
0.08685316591,-0.58775762120
-0.96924835460,-1.50483396000
-0.98168975930,-0.52646592240
0.46730141400,-1.22708622300
0.56126120240,1.48818059300
0.46266015140,-0.16697383890
0.00237522024,0.07909309473
-1.27580713300,-0.06567238193
0.49693913420,-1.96049041600
-0.27260924250,0.22436715410
1.44580810900,0.47225980090
0.28452780400,-0.42620013500
-0.91899351370,0.33934808440
-0.22837235440,-0.36322451810
-0.76496785760,-0.12083827560
0.19517496030,0.78189073310
0.56829976210,-0.41884087180
0.18101924210,0.49248550040
0.20329179760,0.07127987089
-0.07931050927,-0.00927148478
-0.75992567020,-0.51662839320
0.29385604180,-0.72501376220
0.09682684661,-0.00617196049
0.80486490390,1.18338661700
-0.27944471230,0.37475657050
-0.78673130530,1.19990867400
-1.02966650600,0.01995095562
-0.12892206130,-1.57614758200
0.63915498310,1.18048813500
1.63504742200,-0.05354525598
0.34880850540,1.10427594100
-1.28736195800,0.75655809300
-0.77125391000,0.84901847380
-2.00395155000,0.45630587080
0.66283708350,-2.95375554900
1.38851547600,0.83750289100
2.43580233000,0.29040716970
0.97568428810,0.76144840310
-2.71648882100,0.90225639080
-1.34833417900,0.33184393770
-2.60239825600,0.66295111960
0.94426178940,-1.44567507000
2.04375255400,0.10853347420
2.46555733900,0.71867728410
1.24120418600,0.66000051360
-2.47600373000,-0.87505279930
-1.80273395300,-1.83235846900
-1.23146515500,-0.59974523280
1.64672274600,0.04651067275
1.83374299100,0.27486642050
0.92007597190,1.63545167300
-0.67751356450,1.23956381200
-2.39955641000,-0.73954635070
-1.67299107200,0.63131916390
0.29126636560,-0.41090898350
1.81968451400,0.79320184730
1.31613620300,-0.67177489090
1.32002610400,1.29559754900
-1.61185018700,-0.55280667790
-0.92032985930,-0.35837247720
-1.99917192400,-0.92008059110
1.45300190300,0.81666712980
0.49328919690,0.06582241047
1.59225338600,0.42764103840
-0.58151156630,0.74514062180
-0.46098230690,-0.83851244320
-1.36665752600,1.65815263100
-0.49787589200,0.77134774150
0.10936865890,0.23415687370
-0.19269409200,0.00202709233
1.73931996300,-0.25423341260
0.20095871620,-0.52847589600
0.60499078320,0.92251232040
-0.93389002800,0.19557231540
-1.14349469700,-0.01822508239
-0.95859593890,-0.55299051280
0.75471408010,0.17244020200
0.95120537430,2.04129752000
0.65102974460,0.46375426830
-0.87267888920,-1.97987527000
-0.52859321660,-2.29947147000
1.17436129600,0.71383485610
0.79905976580,-1.36992192000
0.37267847510,0.29000832210
-0.97845887830,0.62427568060
-0.27830791180,0.69599340520
-2.00107087500,1.98607507900
-0.01200657038,-0.39493283040
-0.07200979543,0.22903487370
1.25130466900,-0.59245388990
1.95899167800,-1.28993341600
0.14385491790,-0.76846984040
0.55689326430,1.45899946700
-1.98323443000,1.46947905200
-2.04981339000,-0.80398776990
-1.27609362200,0.81449723760
1.16763600200,-0.16368332020
2.26948000100,0.90541836520
0.84967538080,-0.87485797390
0.83294433730,0.32512110530
-1.93403085800,0.15425813060
-0.77367713920,-0.86190307670
-1.59344050800,-0.54590574010
1.32972868000,-0.48315994010
1.44086124600,0.03115820320
1.16321312600,1.68374384100
-0.33544625340,1.61465895000
-2.33521067500,1.62462562800
-2.35512543300,0.62572345970
-0.67356307060,0.99235898520
0.98658464630,-0.96269853480
2.75890069500,0.08616922327
1.71705870000,1.14072209700
0.42299600020,0.38898373370
-2.81152617900,-0.62692702740
-1.96462374500,0.51689567410
-0.87488817000,0.25062431980
1.02593505700,0.21742998440
1.66648504700,-0.50362468230
1.87133208400,0.70736054000
-0.03166591200,-0.12427414460
-1.09788312100,-0.73024300810
-1.94663299000,0.02935944459
-0.27201141870,0.61143637500
0.09835974503,1.39115615700
0.67637118450,1.18697146200
0.34311020090,-1.72090498700
0.31701265760,1.09997451500
0.26252998720,0.61267749140
-0.23685481680,0.51737577280
-1.78556268600,1.43387829400
-0.02383355992,1.73405854400
-1.14147413100,0.71485733840
0.45499276300,-0.05614307499
0.83554569250,-0.48129604140
1.38754095700,0.28544143800
0.58477293860,0.46000889650
-0.69040498390,-0.61658681890
-1.27926216200,1.80765296500
-1.17774202800,1.61980668900
-0.70073156230,0.95326288200
-0.50514485110,1.99396629700
1.12896386600,0.98332023170
0.35235021660,-0.27302274580
0.54467373410,0.99049172390
0.22179409290,2.11470298600
-1.20543398900,-0.14110774310
-1.33007229800,-1.18287839500
0.05822026373,1.06431088400
1.36225745100,-1.62234423300
1.21447839100,-0.92767916990
0.76423433030,0.44553919790
0.49062587280,-0.32392344790
-2.12788988900,1.80431209600
-1.45054738000,0.09639631455
-1.09511979600,0.72014406060
0.00827628353,1.19571570700
2.08458675200,0.13332937790
0.45384854690,0.59821700320
0.84477829690,-1.72998056900
-0.37976983790,2.11130412100
-1.30310843800,0.16701309820
-0.71906890480,-0.18809094070
-1.68363348000,-0.55838697550
2.39357340300,0.27208987890
0.46117512900,-0.53774338800
1.74757409300,0.26322676470
-0.77639644000,-0.60351204080
-0.68205199780,-1.39325218300
-1.11046318500,-0.73513912830
0.47775879550,-0.79568108080
0.82752321980,0.40207927200
0.60848388790,0.14834230870
0.13679070070,-0.49502565490
-0.91931116970,0.33751471330
-0.32219793200,-0.61745071050
-0.35232250790,-0.03437988246
0.28839050900,-0.27914511250
0.97147034390,0.41770234070
-0.06125250125,-0.87210494230
0.40255568770,-0.14645494180
-0.64473452770,-0.03088032588
0.12695457140,-1.09157204300
-0.50129311870,0.05152758337
0.58953932000,-0.04292691757
0.27351469320,0.92070370650
-0.48912617280,-1.10121147800
0.18634521090,-1.45398080700
-0.03983067186,-1.61194248800
1.68529777900,0.21372193420
-0.00784583656,-0.53334210210
-0.00412261213,-0.98877805550
-1.19822044600,0.23639144690
-0.11349629660,0.85698222230
-0.65389278800,1.87847171500
-0.50567176550,1.23498191300
-0.21965178410,-0.64495573470
0.21490445480,1.44645045700
0.99856487840,-0.74533308040
0.61070363060,0.41826641080
-0.47039436110,0.77101799330
0.13168195740,-1.46882189100
-1.42137031300,0.13292405520
0.70860702360,0.09728560854
0.36379471650,2.17874851000
-0.63738241210,-0.60370022550
0.17778769750,0.75533706780
-1.05688688900,-0.17321285720
1.30613089300,0.08409491005
-0.75187806710,-0.92894894580
1.54057420000,0.98003083860
-0.65664209030,1.24523717600
-0.27272706990,1.18741374900
-1.92177940700,-1.69949176800
0.22109081000,-1.85328886500
1.38238536000,-0.07348654734
2.46696208000,1.12739391900
-0.09144024804,0.80276369010
-1.66552257300,-0.25719258410
-2.13845356600,-0.68845107080
-0.60956945110,1.67560829700
0.72220231480,1.41862775200
0.88482349470,-0.73020038350
0.61557836150,-0.06445267278
0.92937789220,-0.09365429062
-0.15330855810,2.07522733000
-1.61675605000,0.70624561610
-1.40834772200,1.12327229500
-1.45352994300,-0.87436409670
1.67999509900,0.27768096380
1.27647168100,-0.10505030360
2.30626635100,0.15000076470
-0.81590622590,0.40879989430
-0.91846608490,-0.06997780869
-2.21753061500,-1.05423963400
-0.33082249200,1.16266040700
0.75451465750,-0.93805935370
1.56255066000,-0.78941501070
1.03464727800,-1.83568572500
1.53616540500,0.35261273750
-1.24437421200,0.12562309900
-1.04832177800,-0.65741689640
-2.27296611500,-0.86799147750
0.73716430120,0.16842268900
1.04074150900,-0.29523882370
1.65941494700,-1.02542866800
0.71696828590,0.45305307560
-0.27978379560,0.90584465640
-1.67661442800,0.36594114670
-2.03963860500,0.84691221800
-0.45539991370,0.24443183220
0.75352413330,1.54626352300
1.27324832600,0.90978357300
0.94706271350,-0.33079462220
-0.47734913870,1.10184103000
-0.44429072990,0.36595898340
-1.29242520900,-0.50250180780
-0.59255885110,-0.66341874600
1.18442352000,-0.28288707230
1.13126012400,-1.94460578000
1.49745566600,-0.74951053130
0.27029386600,-0.48312254900
-0.36064640370,-1.53308025300
-1.60742432900,-0.86144325560
-0.18771160550,-0.98007816770
0.38268447090,-1.52938309200
1.11132940000,-0.13476107590
1.27505626100,0.20916082650
-0.19988208710,0.34465083200
-1.36956176300,1.13876105800
-1.49920153800,-0.17253625190
-0.89479661160,-0.47576219340
0.79625184520,0.00511447716
1.99623750100,1.24759493200
0.73701976110,1.58680222100
-0.69675102410,-0.55421062080
-1.79646923700,0.40274383760
-0.95237917240,-0.15117758100
0.45210123340,0.57532548580
0.50679731820,-2.43116919100
2.23992999600,-0.41979109580
0.71761550160,-1.86630601400
1.17351882600,-3.13654709600
-1.33154640000,0.37962818520
0.08449020573,-0.91896028550
-1.53284401900,1.28602835200
-1.18219916000,0.78829240110
0.55382404400,1.26214304100
-0.79916786990,0.82399421150
1.61722306400,-0.45935456720
-0.11204337720,0.37728075920
0.92458928080,-1.50749952700
0.03119721163,-1.20356361000
-0.18138135690,0.50002296130
0.30646507220,1.78789825100
-1.75100659500,0.21861575840
-0.81585524240,-1.12495562200
-0.01693855979,-0.07130824690
1.81573681000,0.60645887610
1.11111896200,1.02957403900
-0.35659301160,0.15656317300
-1.12365003400,1.73476268500
-1.85563935600,1.08877063300
-0.77707397700,0.40907660650
-0.22463543850,-0.34281270430
2.12748557200,2.41525677900
0.86786636590,-0.42794334030
0.36215010280,-0.29983374520
-1.36325434000,-0.90718318010
0.33028755930,0.26150433610
-1.17671949400,-1.74238468600
1.22133880200,0.55013801620
0.07527058333,-1.62522349900
1.49897275900,0.65139365270
-0.93324357210,-1.45813774900
0.67721558900,-1.30300507900
-1.36820168500,-0.79227118650
1.41668086500,0.15271025930
-0.71893835780,-0.27030833580
0.43893646570,-1.04215873300
-0.22770087460,-0.22652382570
0.37748450290,0.53468195630
-0.03839157507,-1.84519456400
-0.14036925660,1.23727897200
0.04737175390,-0.05916747073
0.05503812635,-2.69960552500
-0.40814492460,0.12177754160
1.74987523100,-0.23478894630
-0.00869753229,-0.49038237990
-0.65864901120,-0.37552037190
-0.02731587330,-0.45590077260
-0.84338489360,0.73572069680
0.22084872690,0.17322550970
-0.13611703330,0.59872761020
-0.00155835530,-0.23563353290
0.54439001880,1.28584583900
-0.45415526270,-0.16711115940
0.19345557870,0.58664939750
-0.90772586530,-0.16885984930
0.68452747120,-0.14740664730
-0.36581021210,0.89303031260
0.74880110670,0.84529181600
-0.68906196830,0.06355604764
-0.40479127620,0.13250090750
-0.05801127278,-0.34599242120
0.30821056880,0.65458678560
0.37474737170,0.36613591410
0.10613816700,0.86196114800
-0.72840438350,0.22402915030
-0.27839299670,0.01060529637
-0.46901533530,0.86851322220
0.48046094850,-0.12185276400
0.17318696230,0.75622156500
0.15310356730,1.03992103500
-0.05116250456,1.48084904900
-1.29621830900,0.20592545720
-0.33100801700,0.31143587830
-0.20913314470,0.94045280050
0.96554349070,0.17564162530
0.26250818210,0.60670127840
0.21931857410,0.20521964220
-0.23194135590,0.02093669795
-0.75446989270,-0.63972075500
0.19800597340,0.22725712880
0.03545305805,0.65304541380
0.42968077890,0.33947380380
-0.41345867040,-0.15502609120
0.01674375159,0.33713885900
